<?xml version="1.0" encoding="utf-8"?>
<extension type="component" version="4.0" method="upgrade">
    <name>com_ra_walks</name>
    <creationDate>15 Dec 2025</creationDate>
    <copyright>2023 Charlie Bigley</copyright>
    <license>GNU General Public License version 2 or later; see LICENSE.txt</license>
    <author>Charlie Bigley</author>
    <authorEmail>webmaster@bigley.me.uk</authorEmail>
    <authorUrl>https://docs.stokeandnewcastleramblers.org.uk</authorUrl>
    <version>1.1.1</version>
    <description>RA Walks</description>
    <namespace path="src">Ramblers\Component\Ra_walks</namespace>
    
    <install> <!-- Runs on install -->
        <sql>
            <file driver="mysql" charset="utf8">sql/install.mysql.utf8.sql</file>
        </sql>
    </install>
    <update> <!-- Runs on update -->
        <schemas>
            <schemapath type="mysql">sql/updates</schemapath>
        </schemas>
    </update>
    <uninstall> <!-- Runs on uninstall -->
        <sql>
            <file driver="mysql" charset="utf8">sql/uninstall.mysql.utf8.sql</file>
        </sql>
    </uninstall>
    <files folder="site">       
        <folder>forms</folder>
        <folder>src</folder>
        <folder>tmpl</folder>
    </files>
    <!-- media destination="com_ra_walks" folder="media">
        <folder>css</folder>
        <folder>js</folder>
        <filename>joomla.asset.json</filename>
    </media -->
    <administration>  
	    <menu link="option=com_ra_walks&amp;view=walks">RA Walks</menu>
        <files folder="administrator">
            <filename>access.xml</filename>
            <filename>config.xml</filename>
            <folder>forms</folder>
            <folder>src</folder>
            <folder>tmpl</folder>
            <folder>services</folder>
            <folder>presets</folder>
            <folder>sql</folder>
        </files>     
    </administration>
    <config>
        <fields name="params">
            <fieldset name="component">
                <field name="save_history" default="0" />
            </fieldset>
        </fields>
    </config>
    <plugins>
    </plugins>
</extension>
<!-- Component built by the Joomla Component Creator -->
<!-- http://www.component-creator.com/ -->


