<?xml version="1.0" encoding="utf-8"?>
<metadata>
	<layout title="List Groups" option="View">
		<message>
			<![CDATA[List Ramblers Groups - with walks]]>
		</message>
	</layout>
	<config>
		<fields name="params">
			<fieldset name="basic">
                            <!-- Define your basic params for the view here 
                                 They will appear as an "Options" tab when creating a front-end menu entry -->
                            <field name="note01" type="note" label="Shows Group codes, and allows drill-down to walk details" />                               
			</fieldset>
		</fields>
	</config>
</metadata>


